date,symbol,name,Close,market_regime,final_score,fundamental_rank,fundamental_score,technical_score,stable_ensemble_score,rs20_rank_pct,rs60_rank_pct,ret5,ret20,ret60,rsi14,volume_ratio,ma20_deviation
2026-07-15,6446.TW,藥華藥,1320.0,bull,92.2766150523459,13.0,96.8555062833974,90.75031797532874,0.3322415948939378,0.0258780036968576,0.0259019426456984,-0.0419409541394298,0.3319878910191725,1.0060790273556233,60.71550256962775,0.6954788798566033,0.0898837789001532
2026-07-15,2059.TW,川湖,8500.0,bull,89.81358774306658,1.0,100.0,86.41811699075544,0.1498406039113148,0.0378927911275415,0.0157261794634597,0.0500308832612723,0.2781954887218045,1.2696929238985315,69.08212560386474,1.3593500261628904,0.1072033346359255
2026-07-15,6525.TW,捷敏-KY,188.5,bull,86.83215905880598,101.0,76.8341855135769,90.16481690721568,0.4932252358277704,0.0157116451016635,0.0194264569842738,-0.0527638190954773,0.484251968503937,1.1618840142587503,62.63736263736264,0.9520383510404896,0.0952934340499709
2026-07-15,2527.TW,宏璟,45.04999923706055,bull,82.46408430195235,75.0,82.24426248497689,82.53735824094417,0.851380283168717,0.0988909426987061,0.1711378353376503,0.0907990331543382,0.1276595338354091,0.2444750908177182,64.32748316234489,1.0970182154523245,0.0920550094835255
2026-07-15,2645.TW,長榮航太,242.0,bull,82.15806844020643,102.0,76.79149551810622,83.94692608090651,0.6910739184363037,0.0194085027726432,0.091581868640148,0.04946469711343,0.4404761904761904,0.4578313253012047,71.48739001225711,1.218247345610741,0.1996963472557962
2026-07-15,2395.TW,研華,533.0,bull,82.02057689974788,49.0,87.43653384699755,80.21525791733131,0.4498443073346615,0.1127541589648798,0.0888066604995374,-0.0238095238095238,0.1104166666666666,0.4662998624484182,64.32432432432432,0.6795753354132208,0.0541409147095179
2026-07-15,8131.TW,福懋科,81.19999694824219,bull,81.54243088375243,112.0,75.64747800444505,83.50741517685489,0.645734099123169,0.1737523105360443,0.1137835337650323,0.0973170543860892,0.0684210124768709,0.3693085664914286,57.35891860190496,1.416787179262581,0.0856439080930868
2026-07-15,1773.TW,勝一,184.5,bull,81.20201077398386,65.0,83.41957208743332,80.46282366950071,0.5419979312032606,0.1839186691312384,0.211840888066605,0.0542857142857142,0.063400576368876,0.1871295801579555,61.46788990825688,1.943896530660571,0.0559450565173844
2026-07-15,4916.TW,事欣科,113.0,bull,80.98602496233183,182.0,67.75200750418804,85.39736411504641,0.1822444591900192,0.0859519408502772,0.0518038852913968,0.018018018018018,0.1414141414141414,0.6496350364963503,61.61789895163464,0.6920848907826074,0.0594908863625376
2026-07-15,5269.TW,祥碩,1515.0,bull,79.93498662301413,47.0,87.63352452318074,77.36880732295859,0.7068301961129445,0.1284658040665434,0.1970397779833487,-0.0065573770491803,0.0978260869565217,0.2023809523809523,60.0,0.8328977714097858,0.0271186440677966
2026-07-15,5434.TW,崇越,556.0,bull,79.68586177548595,203.0,65.82773904429318,84.30523601921686,0.6464556982285675,0.0628465804066543,0.1295097132284921,0.0923379174852652,0.1817215727948991,0.3285543608124253,63.07692307692307,1.072664972923809,0.0735663255454721
2026-07-15,3167.TW,大量,892.0,bull,79.32633188511106,40.0,88.81703425043213,76.16276443000403,0.3967035016199499,0.1081330868761552,0.1285846438482886,0.1065827711272138,0.1149999999999999,0.3313432835820895,61.01215258496834,2.758411261282416,0.0916185120561954
2026-07-15,3006.TW,晶豪科,239.0,bull,78.83429341740224,7.0,98.64788449850906,72.2297630570333,0.4090345416947484,0.1719038817005545,0.0592044403330249,0.1090487238979118,0.069609590652891,0.5955306288302717,50.05377812184036,0.9664339035123606,0.0464038861965065
2026-07-15,8150.TW,南茂,114.0,bull,76.87301243941769,456.0,43.57847362995483,87.97119204257199,0.4587654102585032,0.0508317929759704,0.0462534690101757,0.0704225352112675,0.2204706890180729,0.7130047372370771,61.74973934409156,0.9578164841520522,0.0778263152731533
2026-07-15,1560.TW,中砂,742.0,bull,76.01869358392962,54.0,86.28355650333096,72.59707261079583,0.5961513316090661,0.1358595194085027,0.1147086031452359,0.0630372492836677,0.092783505154639,0.3690036900369005,52.17391304347826,1.946084091158336,0.0267764477963052
2026-07-15,3004.TW,豐達科,155.5,bull,75.03348530828336,270.0,59.60481555561746,80.17637522583867,0.6232904573293492,0.0720887245841035,0.1304347826086956,0.0687285223367697,0.169172932330827,0.3234042553191489,70.3125,1.2942266937718945,0.0977762089657605
2026-07-15,1326.TW,台化,70.80000305175781,bull,74.9603257890173,685.0,29.94873186889634,89.96419042905762,0.1515064223375503,0.0249537892791127,0.1026827012025902,0.0942813970825289,0.3744557843230043,0.4180028905878792,63.6803900929456,2.049030057774429,0.1797584344954732
2026-07-15,6196.TW,帆宣,585.0,bull,74.12281117118437,346.0,51.54752142541584,81.64790775310722,0.6071369300241068,0.1349353049907578,0.0758556891766882,0.0714285714285714,0.0943759750274231,0.5007791896662344,56.8421052631579,1.3236413282400323,0.0541827732541906
2026-07-15,1301.TW,台塑,65.69999694824219,bull,73.60689855444278,910.0,17.23451320303393,92.39769367157906,0.2261292080797673,0.021256931608133,0.1618871415356151,0.1327585680731411,0.418681025310355,0.2608999954609281,61.40841308749417,1.895635302681832,0.1722122855386822
2026-07-15,6409.TW,旭隼,1080.0,bull,73.4505131072908,235.0,62.88856390334461,76.97116284193953,0.8219910967814895,0.0563770794824399,0.1073080481036077,-0.0526315789473684,0.1960132890365449,0.3971539456662354,56.71140939597316,0.546957853071972,0.0133233252017264
2026-07-15,2850.TW,新產,148.5,bull,72.80998326837128,341.0,51.89726928896828,79.78088792817229,0.288892294632274,0.1645101663585952,0.1628122109158186,0.0171232876712328,0.0722021660649818,0.2594466952726826,64.44444444444444,1.5579905067134798,0.0355648535564854
2026-07-15,7795.TW,長廣,592.0,bull,72.41749480819519,435.0,44.88151404428712,81.5961550628312,0.3356702313892888,0.0147874306839186,0.1184088806660499,0.008517887563884,0.5044472681067345,0.3585360633676324,71.57107231920199,0.6527854751739058,0.1232330898396738
2026-07-15,2377.TW,微星,148.5,bull,72.247824859794,263.0,60.05362798212559,76.31255715235012,0.5657075773003839,0.1404805914972273,0.0545790934320074,0.0457746478873239,0.0879120879120878,0.6194111771215998,67.85714285714286,0.7665573633328758,0.054125998225377
2026-07-15,2330.TW,台積電,2440.0,bull,72.03876584417421,5.0,99.15374073493592,63.00044088058698,0.2319399976105475,0.3817005545286506,0.1933395004625347,-0.0101419878296146,0.0166666666666666,0.2081528899262426,55.55555555555556,0.9451040226156716,0.0040119329287109
2026-07-15,1733.TW,五鼎,31.5,bull,72.02706246649706,137.0,72.99324516078546,71.70500156840092,0.6280777082481798,0.1571164510166358,0.2849213691026827,0.0535117191265157,0.0769230769230768,0.1201298978763405,70.65216805398632,1.7419403859693623,0.0566923905145408
2026-07-15,3711.TW,日月光投控,683.0,bull,71.96663430009784,379.0,49.34794674627236,79.50619681803965,0.3699859756467368,0.077634011090573,0.0841813135985199,0.0928,0.1537162162162162,0.4799566630552545,57.06387429719838,0.991791731956786,0.0397586759259929
2026-07-15,6944.TW,兆聯實業,1035.0,bull,71.68481315353196,38.0,89.06912245037437,65.89004338791783,0.7788146053371291,0.277264325323475,0.2821461609620722,0.0998937300743889,0.0370741482965932,0.1225596529284165,54.64190981432361,1.078039701259857,0.0321100917431194
2026-07-15,2103.TW,台橡,25.600000381469727,bull,71.56430939153401,675.0,30.459795491848286,85.26581402476258,0.5558869428227227,0.0683918669131238,0.1045328399629972,0.0756303026096858,0.1760106419284937,0.4016775299730866,70.85426384317802,1.5917069237477457,0.1448684014124581
2026-07-15,2851.TW,中再保,38.5,bull,71.52717187312196,201.0,65.92494981784269,73.39457922488172,0.5656995955633892,0.3151571164510166,0.1128584643848288,0.0039113828382584,0.0295210363612901,0.3755785275751693,62.96657499444142,0.501869884608077,0.0342700518622809
2026-07-15,3026.TW,禾伸堂,838.0,bull,71.27897480550264,175.0,68.80894924877691,72.10231665774455,0.4363302658857796,0.288354898336414,0.001850138760407,-0.1206715634837355,0.034875298275478,2.604373223669119,54.33376455368694,1.8152625579365995,-0.0440576816674576
